seed,model,heldout_nll,distance_w1,covariance_error,energy_distance,mass_conservation_error,parameters
11,independent_birth,2.2355045037531935,0.8374076460792267,0.6991049125260878,0.24861543055209556,0.0,4
11,structured_coordinates,0.5670270117432757,0.001101417885773535,0.010867274066619803,0.01061648414361871,0.0,4
23,independent_birth,2.212117505193849,0.8235401017232853,0.6882938645235228,0.2383472334326011,0.0,4
23,structured_coordinates,0.559876379345432,0.0013211309435877988,0.017049187952281053,0.003363413979970309,0.0,4
37,independent_birth,2.228719992270998,0.8257958157413187,0.6960788953189371,0.23530398574110012,0.0,4
37,structured_coordinates,0.5666981490921329,0.0011082484185660775,0.011335919017519513,0.0,0.0,4
53,independent_birth,2.211638030771522,0.8127717294629714,0.6788881928840854,0.2218436260725365,0.0,4
53,structured_coordinates,0.5609378753681352,0.0035586097912927543,0.004398369984315198,0.0,0.0,4
71,independent_birth,2.2089351821775254,0.8056446342974466,0.685353986214589,0.22267043414702004,0.0,4
71,structured_coordinates,0.5603965372779297,0.0025350480704041155,0.0012251657375268454,0.0,0.0,4
