seed,model,event_nll,next_pair_accuracy,sibling_pair_accuracy,reconstruction_error,exact_reconstruction_rate,train_seconds,train_examples,test_examples
11,uniform,2.9507356311650548,0.3120253164556962,0.4031645569620253,0.7070292621266125,0.0775,2.4959444999694824e-07,3992,1580
11,distance_only,2.0944421921850376,0.23734177215189872,0.40759493670886077,0.5569784072894912,0.17,5.347877874970436,3992,1580
11,learned_full,1.6640335592863067,0.39556962025316456,0.6246835443037975,0.43731502016371093,0.295,13.941226541996002,3992,1580
23,uniform,3.013944130597953,0.3108935128518972,0.4112607099143207,0.6960810047773804,0.1025,2.0815059542655945e-07,3936,1634
23,distance_only,2.1841237558360573,0.2233782129742962,0.39657282741738065,0.581576090273824,0.175,5.233552458230406,3936,1634
23,learned_full,1.7100358673896217,0.37025703794369647,0.6089351285189718,0.41450361029346383,0.32,12.09505858272314,3936,1634
37,uniform,3.009343107203928,0.3202933985330073,0.4284841075794621,0.6965937088070814,0.075,2.50060111284256e-07,3930,1636
37,distance_only,2.241057250777642,0.21638141809290953,0.40036674816625917,0.5866603810857541,0.1475,4.938651749864221,3930,1636
37,learned_full,1.8175796574477165,0.347799511002445,0.5745721271393643,0.4681134474695328,0.25,11.075641624629498,3930,1636
53,uniform,2.981866407996966,0.31769856160100063,0.42464040025015637,0.7190032239980423,0.0875,1.671724021434784e-07,4068,1599
53,distance_only,2.1365380089715025,0.23452157598499063,0.4265165728580363,0.5538504233832079,0.175,5.044216916896403,4068,1599
53,learned_full,1.6864050705577456,0.3814884302689181,0.6153846153846154,0.4531947735716861,0.2825,13.861535999923944,4068,1599
71,uniform,2.9592384631404545,0.3147914032869785,0.41529709228824274,0.7238146950015306,0.0775,2.919696271419525e-07,4026,1582
71,distance_only,2.137833327148909,0.21491782553729458,0.404551201011378,0.5798468199800757,0.1925,5.02979674981907,4026,1582
71,learned_full,1.7038297727288934,0.3925410872313527,0.599873577749684,0.4480740300421661,0.28,14.921624958049506,4026,1582
