seed,method,n,candidate_pairs,milliseconds,timing_repeats
11,full_pairs,16,120,0.05211537700233748,2048
11,sparse_1d_k8,16,92,0.031008066798676737,4096
11,full_pairs,32,496,0.018566940298114787,8192
11,sparse_1d_k8,32,220,0.031467915960092796,4096
11,full_pairs,64,2016,0.03405930590361095,4096
11,sparse_1d_k8,64,476,0.032149546314030886,4096
11,full_pairs,128,8128,0.11253483080508886,1024
11,sparse_1d_k8,128,988,0.03408521536130138,4096
11,full_pairs,256,32640,0.3872903616866097,256
11,sparse_1d_k8,256,2012,0.04040736916977039,2048
11,full_pairs,512,130816,1.4898691370035522,64
11,sparse_1d_k8,512,4060,0.052875142500852235,2048
11,full_pairs,1024,523776,6.180763011798263,16
11,sparse_1d_k8,1024,8156,0.07828360912753851,1024
