epoch,train_objective,validation_objective,seconds
1,2.8200467910766602,2.6053676795959473,1.590428157709539
2,2.556838409423828,2.5429155731201174,0.7157306224107742
3,2.5201335620880125,2.4868090534210205,0.7159711355343461
4,2.505887948989868,2.510116558074951,1.009147522971034
5,2.4988880882263182,2.49421311378479,0.9871957609429955
6,2.501894332885742,2.4728654289245604,1.0037284679710865
7,2.4887952461242677,2.4612866020202637,0.8737471457570791
8,2.494686492919922,2.4811454010009766,0.7247684327885509
9,2.4869399070739746,2.4753911018371584,0.9500042563304305
10,2.480248743057251,2.4763380813598634,0.9851446263492107
11,2.4811211166381835,2.4928596687316893,0.9835639046505094
12,2.480829833984375,2.4594752407073974,0.9827637709677219
13,2.4722945308685302,2.48888708114624,0.9804370757192373
14,2.477897424697876,2.4681709384918213,0.8274203026667237
15,2.4667402038574218,2.448504810333252,0.9822341566905379
16,2.457192207336426,2.453272514343262,0.9950098600238562
17,2.457050210952759,2.4540091800689696,0.9874423891305923
18,2.451422908782959,2.4662907886505128,0.9334733365103602
19,2.458185718536377,2.4518191146850588,0.9783042594790459
20,2.464279987335205,2.4489591407775877,1.0717484625056386
21,2.4461430988311768,2.4635970973968506,0.7222329853102565
22,2.451416259765625,2.4616191005706787,0.7295441320165992
23,2.4470445518493653,2.4500898361206054,0.7152239000424743
24,2.4462029552459716,2.4447622108459472,0.7147597949951887
25,2.4531666831970216,2.4485128211975096,0.7158164419233799
26,2.449557960510254,2.446991834640503,0.7386859627440572
27,2.4427386169433594,2.455339117050171,0.7194004757329822
28,2.431683647155762,2.447417755126953,0.9900660775601864
29,2.43825026512146,2.4488907623291016,0.9588164910674095
30,2.4407602882385255,2.4212369441986086,0.9863389730453491
