group,regime,model,metric,seeds,mean,ci95_low,ci95_high
paired,base,birth_only,test_training_objective,5,1.8399798076629637,1.8003817775726318,1.8721456357955932
paired,base,birth_only,test_path_nll,5,1.8399798076629637,1.8003817775726318,1.8721456357955932
paired,base,birth_only,cardinality_tv,5,0.05060000000000001,0.03860000000000001,0.06400000000000002
paired,base,birth_only,component_mass_w1,5,0.003857273036482883,0.002841137918641723,0.005624093088335785
paired,base,birth_only,pair_distance_w1,5,0.021568924116633453,0.016163490683514158,0.029509980773525256
paired,base,birth_only,summary_mmd,5,0.006487819362849434,0.005591850761287809,0.007258979390987808
paired,base,birth_only,summary_energy_distance,5,0.005979720325217741,-0.0008706400857381169,0.012830080736173598
paired,base,birth_only,classifier_two_sample_accuracy,5,0.5217500000000002,0.512,0.5315000000000001
paired,base,birth_only,empty_sample_rate,5,0.0002,0.0,0.0006000000000000001
paired,base,birth_only,milliseconds_per_sample,5,10.537930912710726,10.4146798690781,10.661181956343352
paired,base,birth_only,mass_residual_max,5,0.0,0.0,0.0
paired,base,cardinality_diffusion,test_training_objective,5,2.433425329589844,2.42250260848999,2.444896220016479
paired,base,cardinality_diffusion,cardinality_tv,5,0.0826,0.0674,0.09779999999999998
paired,base,cardinality_diffusion,component_mass_w1,5,0.012504088886431269,0.011005955128037963,0.014129897744251713
paired,base,cardinality_diffusion,pair_distance_w1,5,0.03449323707715593,0.013872786318025711,0.062193329549179596
paired,base,cardinality_diffusion,summary_mmd,5,0.015822674754047483,0.008363540279874293,0.02815092268448054
paired,base,cardinality_diffusion,summary_energy_distance,5,0.01932625179325691,0.013572321609739068,0.02502394203279712
paired,base,cardinality_diffusion,classifier_two_sample_accuracy,5,0.5690000000000001,0.5475000000000001,0.606
paired,base,cardinality_diffusion,empty_sample_rate,5,0.0,0.0,0.0
paired,base,cardinality_diffusion,milliseconds_per_sample,5,0.2717483203858137,0.2643177457153797,0.2821114981546998
paired,base,cardinality_diffusion,mass_residual_max,5,1.1529773473739624e-07,1.1101365089416504e-07,1.1976808309555053e-07
paired,base,coagulation,test_training_objective,5,3.765778723526001,3.691329389953613,3.8375570907592773
paired,base,coagulation,test_path_nll,5,3.765778723526001,3.691329389953613,3.8375570907592773
paired,base,coagulation,cardinality_tv,5,0.10500000000000001,0.084,0.126
paired,base,coagulation,component_mass_w1,5,0.007503753124009915,0.002903020029488225,0.012932768405312845
paired,base,coagulation,pair_distance_w1,5,0.03338936421308157,0.02299494827044354,0.0488254560031613
paired,base,coagulation,summary_mmd,5,0.006836440783210796,0.005551993341099371,0.00812088822532222
paired,base,coagulation,summary_energy_distance,5,0.01048832187355453,0.0051754489070475525,0.015801194840061504
paired,base,coagulation,classifier_two_sample_accuracy,5,0.521,0.49824999999999997,0.5385
paired,base,coagulation,empty_sample_rate,5,0.0002,0.0,0.0006000000000000001
paired,base,coagulation,milliseconds_per_sample,5,88.24853667039424,85.03911089785397,91.42634472250938
paired,base,coagulation,mass_residual_max,5,0.0,0.0,0.0
paired,base,coagulation_calibrated,test_training_objective,5,3.765778723526001,3.691329389953613,3.8375570907592773
paired,base,coagulation_calibrated,test_path_nll,5,3.765778723526001,3.691329389953613,3.8375570907592773
paired,base,coagulation_calibrated,cardinality_tv,5,0.1024,0.08059999999999998,0.1252
paired,base,coagulation_calibrated,component_mass_w1,5,0.01084825938294737,0.004881204846575791,0.018217813080517172
paired,base,coagulation_calibrated,pair_distance_w1,5,0.040551854528500755,0.02872277907968872,0.05531542914221538
paired,base,coagulation_calibrated,summary_mmd,5,0.00807448254588392,0.0053221788669698174,0.011989678925378078
paired,base,coagulation_calibrated,summary_energy_distance,5,0.010006330279568099,0.0034618214612547327,0.016550839097881465
paired,base,coagulation_calibrated,classifier_two_sample_accuracy,5,0.539,0.52275,0.5537500000000001
paired,base,coagulation_calibrated,empty_sample_rate,5,0.0,0.0,0.0
paired,base,coagulation_calibrated,milliseconds_per_sample,5,91.09954729638994,83.36305725201964,100.06084396392107
paired,base,coagulation_calibrated,mass_residual_max,5,0.0,0.0,0.0
sweep,cardinality_high,coagulation,test_training_objective,5,5.093826512527466,4.872983827209472,5.314669197845459
sweep,cardinality_high,coagulation,test_path_nll,5,5.093826512527466,4.872983827209472,5.314669197845459
sweep,cardinality_high,coagulation,cardinality_tv,5,0.17000000000000004,0.15920000000000004,0.17800000000000002
sweep,cardinality_high,coagulation,component_mass_w1,5,0.018426945058882527,0.016011732971723126,0.021498541970770186
sweep,cardinality_high,coagulation,pair_distance_w1,5,0.1320508808058671,0.1109706859445154,0.1547817951179117
sweep,cardinality_high,coagulation,summary_mmd,5,0.027896016005386094,0.021332831023977317,0.035823658744635625
sweep,cardinality_high,coagulation,summary_energy_distance,5,0.04099637707677388,0.029227482821704332,0.05300294067759363
sweep,cardinality_high,coagulation,classifier_two_sample_accuracy,5,0.6315000000000001,0.6140000000000001,0.649
sweep,cardinality_high,coagulation,empty_sample_rate,5,0.014000000000000002,0.0092,0.0184
sweep,cardinality_high,coagulation,milliseconds_per_sample,5,147.92163636758923,144.33611694462599,151.95779867731034
sweep,cardinality_high,coagulation,mass_residual_max,5,0.0,0.0,0.0
sweep,cardinality_low,coagulation,test_training_objective,5,5.917156608581543,5.836233258056641,5.9980799591064455
sweep,cardinality_low,coagulation,test_path_nll,5,5.917156608581543,5.836233258056641,5.9980799591064455
sweep,cardinality_low,coagulation,cardinality_tv,5,0.20879999999999996,0.18839999999999998,0.2292
sweep,cardinality_low,coagulation,component_mass_w1,5,0.055776650076809896,0.05132477952769672,0.06022852062592308
sweep,cardinality_low,coagulation,pair_distance_w1,5,0.1712351216098536,0.14224797653467708,0.2017649649351257
sweep,cardinality_low,coagulation,summary_mmd,5,0.04220009578135229,0.038034805704483234,0.04726588730711394
sweep,cardinality_low,coagulation,summary_energy_distance,5,0.03532919171352491,0.020419360010414066,0.058173779176616515
sweep,cardinality_low,coagulation,classifier_two_sample_accuracy,5,0.6285000000000001,0.5980000000000001,0.6605000000000001
sweep,cardinality_low,coagulation,empty_sample_rate,5,0.0144,0.0124,0.0172
sweep,cardinality_low,coagulation,milliseconds_per_sample,5,61.580997749045494,56.040060098841785,68.85191086158156
sweep,cardinality_low,coagulation,mass_residual_max,5,0.0,0.0,0.0
sweep,imbalance_strong,coagulation,test_training_objective,5,5.1775184333801265,4.9120404914855955,5.4429963752746575
sweep,imbalance_strong,coagulation,test_path_nll,5,5.1775184333801265,4.9120404914855955,5.4429963752746575
sweep,imbalance_strong,coagulation,cardinality_tv,5,0.146,0.1272,0.16360000000000002
sweep,imbalance_strong,coagulation,component_mass_w1,5,0.02479674945943903,0.02324954901232897,0.026343949906549084
sweep,imbalance_strong,coagulation,pair_distance_w1,5,0.14284152796629185,0.13409727973756394,0.1519114739954329
sweep,imbalance_strong,coagulation,summary_mmd,5,0.02377388369613622,0.01918155316999979,0.027749795533417786
sweep,imbalance_strong,coagulation,summary_energy_distance,5,0.028268148438044573,0.018023030420842058,0.03955742874931101
sweep,imbalance_strong,coagulation,classifier_two_sample_accuracy,5,0.5835,0.5525,0.6145
sweep,imbalance_strong,coagulation,empty_sample_rate,5,0.012,0.0084,0.0164
sweep,imbalance_strong,coagulation,milliseconds_per_sample,5,92.0941640868783,88.7355742085725,94.32895776480436
sweep,imbalance_strong,coagulation,mass_residual_max,5,0.0,0.0,0.0
sweep,imbalance_weak,coagulation,test_training_objective,5,5.834076769256592,5.661518578338622,6.04503143081665
sweep,imbalance_weak,coagulation,test_path_nll,5,5.834076769256592,5.661518578338622,6.04503143081665
sweep,imbalance_weak,coagulation,cardinality_tv,5,0.1528,0.1396,0.16840000000000002
sweep,imbalance_weak,coagulation,component_mass_w1,5,0.030589861270136513,0.02480772211988492,0.036524398536257115
sweep,imbalance_weak,coagulation,pair_distance_w1,5,0.1170128070014391,0.10344596247763069,0.12999663017596022
sweep,imbalance_weak,coagulation,summary_mmd,5,0.02904370104619507,0.02111138032472635,0.03697602176766379
sweep,imbalance_weak,coagulation,summary_energy_distance,5,0.035221413108373054,0.02000037283903202,0.05545826716250364
sweep,imbalance_weak,coagulation,classifier_two_sample_accuracy,5,0.636,0.6130000000000001,0.6545
sweep,imbalance_weak,coagulation,empty_sample_rate,5,0.012,0.007600000000000001,0.0172
sweep,imbalance_weak,coagulation,milliseconds_per_sample,5,91.25421282127499,86.29279315546155,95.55833446979523
sweep,imbalance_weak,coagulation,mass_residual_max,5,0.0,0.0,0.0
sweep,interaction_strong,coagulation,test_training_objective,5,6.013905853271484,5.951136061859131,6.067680574798584
sweep,interaction_strong,coagulation,test_path_nll,5,6.013905853271484,5.951136061859131,6.067680574798584
sweep,interaction_strong,coagulation,cardinality_tv,5,0.1436,0.1236,0.1544
sweep,interaction_strong,coagulation,component_mass_w1,5,0.031112186391658435,0.027589978715325935,0.03541292427106494
sweep,interaction_strong,coagulation,pair_distance_w1,5,0.14773853529819997,0.13867565849284547,0.1596608434774942
sweep,interaction_strong,coagulation,summary_mmd,5,0.029984729981571735,0.02668062723226421,0.033542719817771884
sweep,interaction_strong,coagulation,summary_energy_distance,5,0.030827145775994814,0.022294917043115436,0.03853754363000319
sweep,interaction_strong,coagulation,classifier_two_sample_accuracy,5,0.6575,0.642,0.6735
sweep,interaction_strong,coagulation,empty_sample_rate,5,0.006,0.0048000000000000004,0.0072
sweep,interaction_strong,coagulation,milliseconds_per_sample,5,93.77435521632432,90.8170695759356,96.73164085671306
sweep,interaction_strong,coagulation,mass_residual_max,5,0.0,0.0,0.0
sweep,interaction_weak,coagulation,test_training_objective,5,5.902398770904541,5.872667843627929,5.926861351776123
sweep,interaction_weak,coagulation,test_path_nll,5,5.902398770904541,5.872667843627929,5.926861351776123
sweep,interaction_weak,coagulation,cardinality_tv,5,0.146,0.1336,0.15839999999999999
sweep,interaction_weak,coagulation,component_mass_w1,5,0.023382150786608654,0.019587846489330905,0.026782603684095047
sweep,interaction_weak,coagulation,pair_distance_w1,5,0.14109336934439076,0.1236925814732857,0.15857465955329086
sweep,interaction_weak,coagulation,summary_mmd,5,0.027675705699722906,0.02364916383908886,0.03170224756035696
sweep,interaction_weak,coagulation,summary_energy_distance,5,0.04033958996456648,0.02658559103932854,0.057980354472200804
sweep,interaction_weak,coagulation,classifier_two_sample_accuracy,5,0.5999999999999999,0.5784999999999999,0.619
sweep,interaction_weak,coagulation,empty_sample_rate,5,0.0124,0.008799999999999999,0.016
sweep,interaction_weak,coagulation,milliseconds_per_sample,5,94.0160713057965,89.72673086337745,99.38490263856947
sweep,interaction_weak,coagulation,mass_residual_max,5,0.0,0.0,0.0
