cardinality_tv,classifier_two_sample_accuracy,component_mass_w1,empty_sample_rate,group,leaf_temperature,mass_residual_max,mass_residual_mean,merge_pair_accuracy,merge_rate_scale,merge_target_probability,milliseconds_per_sample,model,objective_type,pair_distance_w1,peak_gpu_memory_mb,regime,seed,summary_energy_distance,summary_mmd,test_path_nll,test_training_objective
0.074,0.52125,0.003477943811057445,0.001,paired,,0.0,,0.2870627429205997,,0.1740899889868633,86.62478076480329,coagulation,path_nll,0.028686725207571408,,base,11,0.0034303989326791573,0.005779539236855591,3.6314935131072996,3.6314935131072996
0.07400000000000001,0.535,0.0027818431339130126,0.001,paired,,0.0,,,,,10.472447267733514,birth_only,path_nll,0.016452733979813408,,base,11,-0.0007832991373071252,0.007780259933664935,1.8926102104187013,1.8926102104187013
0.105,0.555,0.015178431054965103,0.0,paired,,1.210719347000122e-07,,,,,0.2608958939090371,cardinality_diffusion,ddpm_epsilon_mse_plus_count_nll,0.013146006654810385,,base,11,0.019209222919491342,0.012254922760725151,,2.429480504989624
0.07499999999999997,0.51375,0.004681962757684674,0.0,paired,1.0,0.0,0.0,,1.0,,88.77271015290171,coagulation_calibrated,path_nll,0.029236108999130317,13.8388671875,base,11,0.0018067711180556056,0.0051113716232409345,3.6314935131072996,3.6314935131072996
0.142,0.535,0.01202943001439648,0.0,paired,,0.0,,0.28707065065624127,,0.16195099770448554,93.59935590438545,coagulation,path_nll,0.023119139118105498,,base,23,0.017292186663923514,0.008277376813413007,3.7695655136108397,3.7695655136108397
0.031999999999999994,0.51125,0.0028227540501036845,0.0,paired,,0.0,,,,,10.71437914762646,birth_only,path_nll,0.01563232328228397,,base,23,-0.0032800080453996294,0.005910421059402093,1.8311495008468628,1.8311495008468628
0.09999999999999999,0.555,0.013462536954033126,0.0,paired,,1.1175870895385742e-07,,,,,0.2707318337634206,cardinality_diffusion,ddpm_epsilon_mse_plus_count_nll,0.02363753676354035,,base,23,0.015066192617266827,0.010663562428118611,,2.4187024993896484
0.11700000000000002,0.54875,0.014493024338833742,0.0,paired,0.7,0.0,0.0,,0.8,,86.67686894722283,coagulation_calibrated,path_nll,0.032714592497737616,13.8037109375,base,23,0.00912141514002629,0.007956252886966997,3.7695655136108397,3.7695655136108397
0.082,0.47875,0.0023626070352355164,0.0,paired,,0.0,,0.28544726301735646,,0.16324631839391482,89.78791943565011,coagulation,path_nll,0.032170061229419414,,base,37,0.005715323507893277,0.004662078097357636,3.7187246208190916,3.7187246208190916
0.05799999999999999,0.5175,0.003358598005950792,0.0,paired,,0.0,,,,,10.702352109365165,birth_only,path_nll,0.016647338893376037,,base,37,0.014271377848440014,0.005015717870151981,1.7661375980377196,1.7661375980377196
0.069,0.55125,0.009971860027942186,0.0,paired,,1.1175870895385742e-07,,,,,0.2914063548669219,cardinality_diffusion,ddpm_epsilon_mse_plus_count_nll,0.009717190758483717,,base,37,0.009400599807279253,0.006588526456320576,,2.4478310890197754
0.09899999999999999,0.52375,0.003947148334646985,0.0,paired,0.7,0.0,0.0,,0.8,,77.91990445088595,coagulation_calibrated,path_nll,0.04822202468564639,13.837890625,base,37,0.002287074965068081,0.006967578605601155,3.7187246208190916,3.7187246208190916
0.11899999999999998,0.55,0.01649281362640381,0.0,paired,,0.0,,0.2775644541963796,,0.1694428426731756,82.73429999500513,coagulation,path_nll,0.02002486895421765,,base,53,0.007585799654092895,0.006876732037070399,3.843441789627075,3.843441789627075
0.04,0.51,0.007326674767271707,0.0,paired,,0.0,,,,,10.396733710542321,birth_only,path_nll,0.02270954634886963,,base,53,0.0037734139367229247,0.007001679136581007,1.851748046875,1.851748046875
0.060000000000000005,0.64125,0.01165165860233014,0.0,paired,,1.2200325727462769e-07,,,,,0.2675383063033223,cardinality_diffusion,ddpm_epsilon_mse_plus_count_nll,0.08764200288923454,,base,53,0.02836162761265637,0.03980916285538849,,2.449669208526611
0.07699999999999999,0.54625,0.007147802048215641,0.0,paired,1.3,0.0,0.0,,1.0,,96.37870396021754,coagulation_calibrated,path_nll,0.02621354245122268,13.8154296875,base,53,0.019026378397489108,0.004710286241383033,3.843441789627075,3.843441789627075
0.108,0.52,0.0031559711329563235,0.0,paired,,0.0,,0.2820227841066963,,0.16422664121874495,88.49632725212723,coagulation,path_nll,0.06294602655609387,,base,71,0.0184179006091838,0.008586477731357345,3.8656681804656983,3.8656681804656983
0.04900000000000002,0.535,0.0029964952251752214,0.0,paired,,0.0,,,,,10.403742328286171,birth_only,path_nll,0.036402678078824226,,base,71,0.01591711702363252,0.006731018814447154,1.8582536821365356,1.8582536821365356
0.07899999999999999,0.5425,0.012255957792885797,0.0,paired,,1.0989606380462646e-07,,,,,0.26816921308636665,cardinality_diffusion,ddpm_epsilon_mse_plus_count_nll,0.038323448319710664,,base,71,0.024593616009590757,0.009797199269684587,,2.4214433460235596
0.14400000000000002,0.5625,0.023971359435355815,0.0,paired,1.3,0.0,0.0,,0.8,,105.74954897072166,coagulation_calibrated,path_nll,0.06637300400876674,13.8955078125,base,71,0.01779001177720141,0.015626923372227486,3.8656681804656983,3.8656681804656983
0.17,0.6275,0.027515360652623003,0.012,sweep,,0.0,,0.2318840579710145,,0.1364036668427761,92.68388119712472,coagulation,path_nll,0.14327623361682248,,imbalance_strong,11,0.04681123714228397,0.029694376293956548,5.454509506225586,5.454509506225586
0.15,0.53,0.022893011764789282,0.012,sweep,,0.0,,0.21224701608718216,,0.12012640093448093,94.3882692027837,coagulation,path_nll,0.12797797715139156,,imbalance_strong,23,0.010542195177419167,0.01474916391947545,4.834231388092041,4.834231388092041
0.164,0.5725,0.0225965314013675,0.02,sweep,,0.0,,0.20483193277310924,,0.12183007275162716,93.00588367879391,coagulation,path_nll,0.1403580751506048,,imbalance_strong,37,0.023985259638623413,0.022136479337016013,4.847294490814209,4.847294490814209
0.112,0.565,0.025268658729331286,0.006,sweep,,0.0,,0.21036585365853658,,0.12829009898332738,94.85754614137113,coagulation,path_nll,0.15830197045695968,,imbalance_strong,53,0.03747929917652204,0.02707082614894274,5.55440608215332,5.55440608215332
0.134,0.6225,0.025710184749084066,0.01,sweep,,0.0,,0.24202420242024203,,0.1280376689717439,85.53524021431804,coagulation,path_nll,0.14429338345568063,,imbalance_strong,71,0.022522751055374268,0.02521857278129036,5.197150699615478,5.197150699615478
0.18400000000000002,0.65,0.036844537689039315,0.006,sweep,,0.0,,0.27850078084331076,,0.15354127159588454,93.95121409930289,coagulation,path_nll,0.12083823791961515,,imbalance_weak,11,0.03800489983865285,0.037312711254228415,5.829577671051025,5.829577671051025
0.13599999999999998,0.6475,0.023857974586560998,0.008,sweep,,0.0,,0.28786307053941906,,0.14236871153462666,93.24327259138227,coagulation,path_nll,0.10555504457854861,,imbalance_weak,23,0.012504535317142018,0.01968153726469213,5.649098190307617,5.649098190307617
0.15399999999999997,0.6625,0.040425396910256484,0.022,sweep,,0.0,,0.27452025586353945,,0.13876120186903126,98.32298577949405,coagulation,path_nll,0.14038349393308988,,imbalance_weak,37,0.031244129121867026,0.03863767554478237,5.864668365478516,5.864668365478516
0.136,0.5975,0.02732013290334897,0.012,sweep,,0.0,,0.2699140401146132,,0.15778329967761967,87.37401161529124,coagulation,path_nll,0.12327762450198274,,imbalance_weak,53,0.07246646735483098,0.03297933524029739,6.237130199432373,6.237130199432373
0.15399999999999997,0.6225,0.024501264261476814,0.012,sweep,,0.0,,0.2748663101604278,,0.17438989804363822,83.37958002090454,coagulation,path_nll,0.09500963407395911,,imbalance_weak,71,0.02188703390937241,0.016607245926975045,5.589909420013428,5.589909420013428
0.132,0.565,0.027841489390995046,0.012,sweep,,0.0,,0.25249343832021,,0.13806490381992315,97.56049873121083,coagulation,path_nll,0.12214438810951289,,interaction_weak,11,0.0461386642982502,0.03282758998816804,5.901200206756592,5.901200206756592
0.15999999999999998,0.5825,0.016039501697440298,0.018,sweep,,0.0,,0.21750805585392052,,0.11901685120580704,88.97311543114483,coagulation,path_nll,0.14406140460177116,,interaction_weak,23,0.022749820096864548,0.021866522141452682,5.8466223564147946,5.8466223564147946
0.128,0.6325,0.027179514757215823,0.01,sweep,,0.0,,0.21338250790305585,,0.11480337812940289,90.29439459182322,coagulation,path_nll,0.15073573311815214,,interaction_weak,37,0.07367109598862975,0.03148045395085641,5.897618015289306,5.897618015289306
0.148,0.61,0.02197923796333859,0.016,sweep,,0.0,,0.22878021360314785,,0.12113427796504214,103.05583334341645,coagulation,path_nll,0.17333105884626307,,interaction_weak,53,0.03084842387526221,0.029895149923735875,5.9406991424560545,5.9406991424560545
0.162,0.61,0.023871010124053512,0.006,sweep,,0.0,,0.23678290213723285,,0.14216347260985873,90.19651443138719,coagulation,path_nll,0.11519426204625446,,interaction_weak,71,0.02828994556382569,0.02230881249440153,5.925854133605957,5.925854133605957
0.15599999999999997,0.685,0.03396011181885241,0.006,sweep,,0.0,,0.2593175853018373,,0.1391814271017134,89.07484153844416,coagulation,path_nll,0.1417110172077606,,interaction_strong,11,0.04319597642518591,0.03677706691243987,6.0590640335083,6.0590640335083
0.10399999999999998,0.66,0.0252486747090327,0.004,sweep,,0.0,,0.24650912996777657,,0.14197814561766428,90.73566455952823,coagulation,path_nll,0.1468611586630671,,interaction_strong,23,0.025765577129054362,0.02478651773783791,6.096144687652588,6.096144687652588
0.154,0.65,0.038001027702078784,0.006,sweep,,0.0,,0.2518440463645943,,0.14079353764944366,96.37500209547579,coagulation,path_nll,0.14705616327135634,,interaction_strong,37,0.03726844450206346,0.03097766690604109,6.0279854316711425,6.0279854316711425
0.15200000000000002,0.6625,0.029101426430235958,0.008,sweep,,0.0,,0.2720629567172569,,0.14597386820169828,98.22193220444024,coagulation,path_nll,0.16984567896945138,,interaction_strong,53,0.01614685452815312,0.03093469601743437,5.983010082244873,5.983010082244873
0.152,0.63,0.029249691298092354,0.006,sweep,,0.0,,0.26659167604049494,,0.15954922315919223,94.46433568373322,coagulation,path_nll,0.13321865837936442,,interaction_strong,71,0.03175887629551721,0.026447702334105427,5.903325031280517,5.903325031280517
0.22999999999999998,0.6075,0.0511644335792905,0.014,sweep,,0.0,,0.37631792376317924,,0.2667051470099774,59.71309334971011,coagulation,path_nll,0.19946888275030586,,cardinality_low,11,0.02926554432287065,0.04032145934350939,5.884121894836426,5.884121894836426
0.24000000000000002,0.5775,0.057481443296831615,0.014,sweep,,0.0,,0.34231378763866877,,0.23303723808320972,75.44211216829717,coagulation,path_nll,0.16279739097096305,,cardinality_low,23,0.028547315537692297,0.044893748244795084,5.847136177062988,5.847136177062988
0.192,0.655,0.060829190751871716,0.012,sweep,,0.0,,0.3569682151589242,,0.22951744023675194,55.42703814804554,coagulation,path_nll,0.16060106113559558,,cardinality_low,37,0.02495586565195751,0.038858728103763895,6.023598388671875,6.023598388671875
0.176,0.6825,0.06100138916452016,0.02,sweep,,0.0,,0.3362204724409449,,0.21821736801767677,62.506179654970765,coagulation,path_nll,0.21625162692990899,,cardinality_low,53,0.07911591965793496,0.050858986729003575,6.029540561676026,6.029540561676026
0.20600000000000002,0.62,0.04840679359153549,0.012,sweep,,0.0,,0.37308622078968573,,0.24423649916830598,54.81656542420387,coagulation,path_nll,0.11705664626249462,,cardinality_low,71,0.014761313397169129,0.03606755648568949,5.8013860206604,5.8013860206604
0.15000000000000002,0.6025,0.015065957748184018,0.006,sweep,,0.0,,0.17718541748333988,,0.08784625383616201,147.12781755812466,coagulation,path_nll,0.1339677075411098,,cardinality_high,11,0.0369045574771838,0.02658669186224283,4.83857631111145,4.83857631111145
0.18200000000000002,0.6475,0.016412954517721873,0.01,sweep,,0.0,,0.1614457831325301,,0.06903239358583536,144.9380746372044,coagulation,path_nll,0.17227678063652485,,cardinality_high,23,0.06014939480060799,0.04262537626293561,4.9996103782653805,4.9996103782653805
0.17400000000000002,0.63,0.02443034306674775,0.018,sweep,,0.0,,0.17654075546719683,,0.0894023088392953,142.3383089452982,coagulation,path_nll,0.09770756158487912,,cardinality_high,37,0.02336141411993342,0.01783025713180031,5.3537580604553225,5.3537580604553225
0.172,0.6175,0.017100840326803837,0.02,sweep,,0.0,,0.17937219730941703,,0.08224594094880215,150.3805116713047,coagulation,path_nll,0.12853931683999195,,cardinality_high,53,0.05331150479040869,0.024655473072128453,5.433109745025635,5.433109745025635
0.17200000000000001,0.66,0.01912462963495514,0.016,sweep,,0.0,,0.16864608076009502,,0.07744301415229846,154.8234690260142,coagulation,path_nll,0.1277630374268298,,cardinality_high,71,0.03125501419573551,0.027782281697823263,4.844078067779541,4.844078067779541
