epoch,train_loss,validation_loss,epoch_seconds
1,29.86989665031433,25.281474113464355,14.692107340320945
2,24.333083033561707,22.74237060546875,13.967915907502174
3,22.476747751235962,21.537748336791992,13.551173636689782
4,21.022520780563354,19.653255462646484,13.849702273495495
5,19.011972725391388,16.927952766418457,13.998830917291343
6,16.32870924472809,14.81590485572815,13.991751255467534
7,14.335980713367462,13.080054759979248,13.82234369404614
8,13.07635748386383,11.411989688873291,13.981261137872934
9,11.089244425296783,10.05993914604187,13.503773561678827
10,10.092002987861633,8.723607182502747,13.794567151926458
11,8.877407908439636,8.04188883304596,13.557604929432273
12,8.29967349767685,7.41362190246582,13.611633266322315
