leaf_temperature,merge_rate_scale,validation_cardinality_tv,milliseconds_per_sample
0.7,0.8,0.16666666666666669,78.84168099456777
0.7,1.0,0.20000000000000004,77.74137010953079
0.7,1.2,0.2166666666666667,82.5873161976536
1.0,0.8,0.20833333333333334,96.37561472288023
1.0,1.0,0.09166666666666669,87.93085040524602
1.0,1.2,0.20833333333333331,86.24051918741316
1.3,0.8,0.21666666666666667,121.37577591153483
1.3,1.0,0.15833333333333335,108.02757537458092
1.3,1.2,0.12499999999999999,109.99870349963506
