leaf_temperature,merge_rate_scale,validation_cardinality_tv,validation_overflow_rate,validation_retained_response_w1,validation_spatial_spread_w1,validation_summary_mmd,milliseconds_per_sample
0.7,1.0,0.35000000000000003,0.255,0.3758507692966349,0.19775404931943882,0.5051970148650452,1341.0034542996436
0.7,1.5,0.29000000000000004,0.055,0.37198933454128724,0.1846073704631517,0.48223462261499384,1824.8391848849133
0.7,2.0,0.38499999999999995,0.015,0.3695708041355945,0.1618545146941265,0.5149856917779098,2221.540735256858
0.7,3.0,0.6549999999999999,0.005,0.36128460485227776,0.11366385297723695,0.5520969204390915,2848.2394507573918
1.0,1.0,0.32,0.145,0.3435582192609385,0.18695190698294734,0.47178564759990516,1170.710234460421
1.0,1.5,0.37,0.05,0.34355286883053554,0.16286321179387556,0.4760060890989528,1602.9121611081064
1.0,2.0,0.5,0.0,0.3562722056977711,0.1525420571493201,0.4888190744310751,1985.34221555572
1.0,3.0,0.7150000000000001,0.0,0.3442133909256496,0.1109219593897883,0.5228364128347489,2592.839288120158
1.3,1.0,0.41000000000000003,0.145,0.3181663896009288,0.18184964827593345,0.4693786957576217,1050.264817844145
1.3,1.5,0.445,0.045,0.33112520176019417,0.15821224617765087,0.48088325978795643,1484.4263123720884
1.3,2.0,0.6000000000000001,0.0,0.3266588907863229,0.12328899070558082,0.4784649770573828,1734.9717514868826
1.3,3.0,0.745,0.0,0.3225410359702855,0.09820633880396784,0.5327939115146115,2274.3951597856358
