cardinality,cardinality_label,reference_probability,generated_probability
0,0,0.0,0.003
1,1,0.001,0.002
2,2,0.0,0.002
3,3,0.0,0.002
4,4,0.002,0.003
5,5,0.002,0.001
6,6,0.001,0.001
7,7,0.001,0.001
8,8,0.001,0.002
9,9,0.001,0.001
10,10,0.002,0.003
11,11,0.002,0.002
12,12,0.006,0.003
13,13,0.011,0.009
14,14,0.013,0.006
15,15,0.014,0.013
16,16,0.011,0.018
17,17,0.019,0.032
18,18,0.038,0.018
19,19,0.045,0.04
20,20,0.047,0.062
21,21,0.075,0.07
22,22,0.08,0.102
23,23,0.086,0.098
24,24,0.103,0.077
25,25,0.103,0.079
26,26,0.083,0.082
27,27,0.066,0.068
28,28,0.057,0.025
29,29,0.029,0.022
30,30,0.022,0.019
31,31,0.017,0.025
32,32,0.062,0.073
33,>32,0.0,0.036
